<?xml version="1.0" encoding="UTF-8"?>
<suite name="Suite">
  <test thread-count="5" name="Test">
    <classes>
      <class name="Com.syed.scripts.Sadbasic_Exp6"/>
      <class name="Com.syed.scripts.Sadbasic_Exp7"/>
      <class name="Com.syed.scripts.Sadbasic_Exp8"/>
      <class name="Com.syed.scripts.Sadbasic_Exp1"/>
      <class name="Com.syed.scripts.Sadbasic_Exp2"/>
      <class name="Com.syed.scripts.Sadbasic_Exp3"/>
      <class name="Com.syed.scripts.Sadbasic_Exp4"/>
      <class name="Com.syed.scripts.Sadbasic_Exp5"/>
    </classes>
  </test>
</suite>
